,precision,recall,f1-score,support
Normal,0.8927038626609443,0.6011560693641619,0.7184801381692574,346.0
Constrained,0.684931506849315,0.9230769230769231,0.7863695937090432,325.0
accuracy,0.7570789865871833,0.7570789865871833,0.7570789865871833,0.7570789865871833
macro avg,0.7888176847551296,0.7621164962205424,0.7524248659391504,671.0
weighted avg,0.7920689660308705,0.7570789865871833,0.7513625123129689,671.0
